| Part | Qty | Est. cost (AUD) | Link | Description |
|---|---|---|---|---|
| **Main parts** | | | | |
| Adafruit TFP401 HDMI/DVI decoder (no touch) | 1 | 55 | [Adafruit](https://www.adafruit.com/product/2219) | Converts HDMI to 24-bit parallel RGB |
| PCB fabrication + assembly of FPC connectors | 1 order | 30–50 | [JLCPCB](https://jlcpcb.com) | Custom adapter/driver board |
| 12 V power supply | 1 | 33 | [Amazon](https://www.amazon.com.au/ALITOVE-100-240V-Adapter-Converter-Transformer/dp/B0CRGJ15HS?dib=eyJ2IjoiMSJ9.eKabnVVIa0q-DX3REQbsojDxqqB-5w-zSrwOWo3U6fiqwDxCRXsnyH3o0D0AUvdvHMf7U6qCBYaxl1SWTk4_mrZqnneZbxiWTrrbT9mlzaAJOwvs9rEdPBoPdXVdqckfKL3ovnGVmwBkR6Q1ZBFYnQD8FWWc_vQM63Xy28kxPx4N4LmAD1BE7nzJLL1ZdNAQMFcVLGf0cMx4-S2ySBia_gUx-WC5yktBHQC7l6ZeOmIhtHxc7FMqnp87zBmPecEE23GLf5gHkoRxBgtD_DH7Ml_h-fndnVOwpL82pTpOtak.p1PiSraUS4ZWkSUwEAAan182vMakDWFKRBTpYwNCir4&) | Main power input |
| **Connectors** | | | | |
| Hirose FH34SRJ-45S-0.5SH 45-pin FPC connector | 2 | 5 | [LCSC C3170034](https://www.lcsc.com/product-detail/C3170034.html) | Panel connector |
| XUNPU FPC-05FB-40PH20 40-pin FPC connector | 2 | 5 | [LCSC C2856837](https://www.lcsc.com/product-detail/C2856837.html) | TFP401 ribbon connector |
| 40-pin 0.5 mm FFC cable, 100 mm, type A | 1 | 5 | [LCSC C2859463](https://www.lcsc.com/product-detail/C2859463.html) | TFP401 board to PCB |
| 10-pin FPC connector | 1 | 2 | [link] | Backlight connector (pitch to be confirmed) |
| DC-005 barrel jack | 1 | 1 | [LCSC C16214](https://www.lcsc.com/product-detail/C16214.html) | 12 V input |
| BOOMELE 1×20 2.54 mm female header | 2 | 2 | [LCSC C50984](https://www.lcsc.com/product-detail/C50984.html) | Socket for the Pico 2 |
| **12 V input protection** | | | | |
| TECHFUSE mSMD110-16V resettable fuse | 1 | 1 | [LCSC C69691](https://www.lcsc.com/product-detail/C69691.html) | 1.1 A, protects against shorts |
| SS34 Schottky diode | 1 | 1 | [LCSC C8678](https://www.lcsc.com/product-detail/C8678.html) | Reverse-polarity protection |
| **5 V supply** | | | | |
| TPS54202 buck converter | 1 | 1 | [LCSC C191884](https://www.lcsc.com/product-detail/C191884.html) | 12 V → 5 V for the TFP401 board and Pico |
| Sunlord SWPA6045S100MT 10 µH inductor | 1 | 1 | [LCSC C79272](https://www.lcsc.com/product-detail/C79272.html) | For the buck converter |
| 100 kΩ 1% 0805 resistor | 2 | <1 | [LCSC C149504](https://www.lcsc.com/product-detail/C149504.html) | Buck feedback (top) + MOSFET gate pull-down |
| 13 kΩ 1% 0805 resistor | 1 | <1 | [LCSC C17455](https://www.lcsc.com/product-detail/C17455.html) | Buck feedback (bottom), sets ~5.18 V |
| **3.3 V supply** | | | | |
| AMS1117-3.3 regulator | 1 | 1 | [LCSC C6186](https://www.lcsc.com/product-detail/C6186.html) | 3.3 V for the panel logic |
| **Capacitors (shared)** | | | | |
| 10 µF 25 V X5R 0805 capacitor | 4 | <1 | [LCSC C15850](https://www.lcsc.com/product-detail/C15850.html) | Buck input ×2, 3.3 V input, panel bypass |
| 22 µF 25 V X5R 0805 capacitor | 3 | <1 | [LCSC C45783](https://www.lcsc.com/product-detail/C45783.html) | Buck output ×2, 3.3 V output |
| 100 nF 50 V X7R 0805 capacitor | 3 | <1 | [LCSC C49678](https://www.lcsc.com/product-detail/C49678.html) | Buck input bypass, bootstrap, panel bypass |
| **Backlight driver** | | | | |
| TPS61169 LED driver | 1 | 2 | [LCSC C71045](https://www.lcsc.com/product-detail/C71045.html) | Boost driver for the backlight |
| Sunlord SWPA6045S220MT 22 µH inductor | 1 | 1 | [LCSC C83454](https://www.lcsc.com/product-detail/C83454.html) | For the LED driver |
| SS16 Schottky diode | 1 | 1 | [LCSC C84578](https://www.lcsc.com/product-detail/C84578.html) | For the LED driver |
| 4.7 µF 25 V X5R 0805 capacitor | 1 | <1 | [LCSC C1779](https://www.lcsc.com/product-detail/C1779.html) | LED driver input |
| 1 µF 50 V X7R 1206 capacitor | 1 | <1 | [LCSC C1848](https://www.lcsc.com/product-detail/C1848.html) | LED driver output |
| 5.1 Ω 1% 0805 resistor | 1 | <1 | [LCSC C17724](https://www.lcsc.com/product-detail/C17724.html) | Sets backlight current (~40 mA, to be confirmed) |
| NSI45020 constant-current regulator | 2 | 2 | [LCSC C129159](https://www.lcsc.com/product-detail/C129159.html) | One per LED string (may not be needed) |
| AO3400A MOSFET | 1 | 1 | [LCSC C20917](https://www.lcsc.com/product-detail/C20917.html) | PWM dimming (may not be needed) |
| **Panel signals** | | | | |
| 1.5 kΩ 1% 0805 resistor | 1 | <1 | [LCSC C4310](https://www.lcsc.com/product-detail/C4310.html) | Pin 3 pull-down, copies the cluster |
| 33 Ω 1% 0805 resistor | 1 | <1 | [LCSC C17634](https://www.lcsc.com/product-detail/C17634.html) | PCLK series resistor |
| **Indicator** | | | | |
| Green 0805 LED | 1 | <1 | [LCSC C2297](https://www.lcsc.com/product-detail/C2297.html) | Power indicator |
| 1 kΩ 1% 0805 resistor | 1 | <1 | [LCSC C17513](https://www.lcsc.com/product-detail/C17513.html) | LED current limit |
| **Total** | | **~120–145** (excl. owned parts and shipping) | | |
